-- Insert test users
insert into auth.users (id, email)
values
  ('00000000-0000-0000-0000-000000000001', 'alicejohnson@example.com'),
  ('00000000-0000-0000-0000-000000000002', 'bobsmith@example.com'),
  ('00000000-0000-0000-0000-000000000003', 'charliebrown@example.com'),
  ('00000000-0000-0000-0000-000000000004', 'dianaprince@example.com'),
  ('00000000-0000-0000-0000-000000000005', 'ethanhunt@example.com'),
  ('00000000-0000-0000-0000-000000000006', 'fionaapple@example.com'),
  ('00000000-0000-0000-0000-000000000007', 'georgeclooney@example.com'),
  ('00000000-0000-0000-0000-000000000008', 'hannahmontana@example.com'),
  ('00000000-0000-0000-0000-000000000009', 'ianmckellen@example.com'),
  ('00000000-0000-0000-0000-000000000010', 'juliaroberts@example.com'),
  ('00000000-0000-0000-0000-000000000011', 'kevinbacon@example.com'),
  ('00000000-0000-0000-0000-000000000012', 'laracroft@example.com'),
  ('00000000-0000-0000-0000-000000000013', 'michaelscott@example.com'),
  ('00000000-0000-0000-0000-000000000014', 'natalieportman@example.com'),
  ('00000000-0000-0000-0000-000000000015', 'oscarwilde@example.com');

-- Insert profiles
insert into public.profiles (id, email, avatar_url, status)
values
  ('00000000-0000-0000-0000-000000000001', 'alicejohnson@example.com', '/placeholder.svg?height=40&width=40', 'online'),
  ('00000000-0000-0000-0000-000000000002', 'bobsmith@example.com', '/placeholder.svg?height=40&width=40', 'busy'),
  ('00000000-0000-0000-0000-000000000003', 'charliebrown@example.com', '/placeholder.svg?height=40&width=40', 'offline'),
  ('00000000-0000-0000-0000-000000000004', 'dianaprince@example.com', '/placeholder.svg?height=40&width=40', 'online'),
  ('00000000-0000-0000-0000-000000000005', 'ethanhunt@example.com', '/placeholder.svg?height=40&width=40', 'busy'),
  ('00000000-0000-0000-0000-000000000006', 'fionaapple@example.com', '/placeholder.svg?height=40&width=40', 'offline'),
  ('00000000-0000-0000-0000-000000000007', 'georgeclooney@example.com', '/placeholder.svg?height=40&width=40', 'online'),
  ('00000000-0000-0000-0000-000000000008', 'hannahmontana@example.com', '/placeholder.svg?height=40&width=40', 'busy'),
  ('00000000-0000-0000-0000-000000000009', 'ianmckellen@example.com', '/placeholder.svg?height=40&width=40', 'offline'),
  ('00000000-0000-0000-0000-000000000010', 'juliaroberts@example.com', '/placeholder.svg?height=40&width=40', 'online'),
  ('00000000-0000-0000-0000-000000000011', 'kevinbacon@example.com', '/placeholder.svg?height=40&width=40', 'busy'),
  ('00000000-0000-0000-0000-000000000012', 'laracroft@example.com', '/placeholder.svg?height=40&width=40', 'offline'),
  ('00000000-0000-0000-0000-000000000013', 'michaelscott@example.com', '/placeholder.svg?height=40&width=40', 'online'),
  ('00000000-0000-0000-0000-000000000014', 'natalieportman@example.com', '/placeholder.svg?height=40&width=40', 'busy'),
  ('00000000-0000-0000-0000-000000000015', 'oscarwilde@example.com', '/placeholder.svg?height=40&width=40', 'offline');

-- Insert workspaces
insert into public.workspaces (id, name)
values
  ('00000000-0000-0000-0000-000000000101', 'Design Workspace'),
  ('00000000-0000-0000-0000-000000000102', 'Engineering Workspace');

-- Insert workspace members
-- Design Workspace (users 1-10)
insert into public.workspace_members (workspace_id, user_id)
select '00000000-0000-0000-0000-000000000101', id
from public.profiles
where id between '00000000-0000-0000-0000-000000000001' and '00000000-0000-0000-0000-000000000010';

-- Engineering Workspace (users 6-15)
insert into public.workspace_members (workspace_id, user_id)
select '00000000-0000-0000-0000-000000000102', id
from public.profiles
where id between '00000000-0000-0000-0000-000000000006' and '00000000-0000-0000-0000-000000000015';

-- Insert channels
insert into public.channels (id, workspace_id, name)
values
  ('00000000-0000-0000-0000-000000000201', '00000000-0000-0000-0000-000000000101', 'cool designers'),
  ('00000000-0000-0000-0000-000000000202', '00000000-0000-0000-0000-000000000101', 'uncool designers'),
  ('00000000-0000-0000-0000-000000000203', '00000000-0000-0000-0000-000000000102', 'hardcore engineers'),
  ('00000000-0000-0000-0000-000000000204', '00000000-0000-0000-0000-000000000102', 'softy engineers');

-- Insert channel messages
insert into public.messages (id, content, user_id, channel_id, created_at)
values
  -- cool designers
  ('00000000-0000-0000-0000-000000000301', 'Hey cool designers! What''s the latest trend?', '00000000-0000-0000-0000-000000000001', '00000000-0000-0000-0000-000000000201', now() - interval '2 days'),
  ('00000000-0000-0000-0000-000000000302', 'Neumorphism is making a comeback!', '00000000-0000-0000-0000-000000000002', '00000000-0000-0000-0000-000000000201', now() - interval '1 day'),
  ('00000000-0000-0000-0000-000000000303', 'I thought we all agreed never to speak of that again...', '00000000-0000-0000-0000-000000000003', '00000000-0000-0000-0000-000000000201', now()),
  
  -- uncool designers
  ('00000000-0000-0000-0000-000000000304', 'Is comic sans still cool?', '00000000-0000-0000-0000-000000000004', '00000000-0000-0000-0000-000000000202', now() - interval '3 days'),
  ('00000000-0000-0000-0000-000000000305', 'It never was.', '00000000-0000-0000-0000-000000000005', '00000000-0000-0000-0000-000000000202', now() - interval '2 days'),
  ('00000000-0000-0000-0000-000000000306', 'Hey, be nice! We''re all learning here.', '00000000-0000-0000-0000-000000000006', '00000000-0000-0000-0000-000000000202', now() - interval '1 day'),
  
  -- hardcore engineers
  ('00000000-0000-0000-0000-000000000307', 'Who''s up for a 48-hour hackathon?', '00000000-0000-0000-0000-000000000007', '00000000-0000-0000-0000-000000000203', now() - interval '4 days'),
  ('00000000-0000-0000-0000-000000000308', 'I''m in! Let''s build a blockchain for pet rocks!', '00000000-0000-0000-0000-000000000008', '00000000-0000-0000-0000-000000000203', now() - interval '3 days'),
  ('00000000-0000-0000-0000-000000000309', 'You two need sleep. And therapy.', '00000000-0000-0000-0000-000000000009', '00000000-0000-0000-0000-000000000203', now() - interval '2 days'),
  
  -- softy engineers
  ('00000000-0000-0000-0000-000000000310', 'Has anyone tried coding with a nice cup of tea?', '00000000-0000-0000-0000-000000000010', '00000000-0000-0000-0000-000000000204', now() - interval '3 days'),
  ('00000000-0000-0000-0000-000000000311', 'Tea? I prefer a warm glass of milk and a bedtime story.', '00000000-0000-0000-0000-000000000011', '00000000-0000-0000-0000-000000000204', now() - interval '2 days'),
  ('00000000-0000-0000-0000-000000000312', 'You''re all adorable. Pass the cookies, please.', '00000000-0000-0000-0000-000000000012', '00000000-0000-0000-0000-000000000204', now() - interval '1 day');

-- Insert direct messages
-- Design Workspace DMs
insert into public.direct_messages (id, workspace_id)
values
  ('00000000-0000-0000-0000-000000000401', '00000000-0000-0000-0000-000000000101'), -- 1-2
  ('00000000-0000-0000-0000-000000000402', '00000000-0000-0000-0000-000000000101'), -- 1-3
  ('00000000-0000-0000-0000-000000000403', '00000000-0000-0000-0000-000000000101'), -- 2-3
  ('00000000-0000-0000-0000-000000000404', '00000000-0000-0000-0000-000000000101'), -- 2-4
  ('00000000-0000-0000-0000-000000000405', '00000000-0000-0000-0000-000000000101'), -- 3-4
  ('00000000-0000-0000-0000-000000000406', '00000000-0000-0000-0000-000000000101'), -- 4-5
  -- Engineering Workspace DMs
  ('00000000-0000-0000-0000-000000000407', '00000000-0000-0000-0000-000000000102'), -- 6-7
  ('00000000-0000-0000-0000-000000000408', '00000000-0000-0000-0000-000000000102'), -- 6-8
  ('00000000-0000-0000-0000-000000000409', '00000000-0000-0000-0000-000000000102'), -- 7-8
  ('00000000-0000-0000-0000-000000000410', '00000000-0000-0000-0000-000000000102'), -- 7-9
  ('00000000-0000-0000-0000-000000000411', '00000000-0000-0000-0000-000000000102'), -- 8-9
  ('00000000-0000-0000-0000-000000000412', '00000000-0000-0000-0000-000000000102'); -- 9-10

-- Insert DM participants
insert into public.dm_participants (dm_id, user_id)
values
  -- Design Workspace DMs
  ('00000000-0000-0000-0000-000000000401', '00000000-0000-0000-0000-000000000001'),
  ('00000000-0000-0000-0000-000000000401', '00000000-0000-0000-0000-000000000002'),
  ('00000000-0000-0000-0000-000000000402', '00000000-0000-0000-0000-000000000001'),
  ('00000000-0000-0000-0000-000000000402', '00000000-0000-0000-0000-000000000003'),
  ('00000000-0000-0000-0000-000000000403', '00000000-0000-0000-0000-000000000002'),
  ('00000000-0000-0000-0000-000000000403', '00000000-0000-0000-0000-000000000003'),
  ('00000000-0000-0000-0000-000000000404', '00000000-0000-0000-0000-000000000002'),
  ('00000000-0000-0000-0000-000000000404', '00000000-0000-0000-0000-000000000004'),
  ('00000000-0000-0000-0000-000000000405', '00000000-0000-0000-0000-000000000003'),
  ('00000000-0000-0000-0000-000000000405', '00000000-0000-0000-0000-000000000004'),
  ('00000000-0000-0000-0000-000000000406', '00000000-0000-0000-0000-000000000004'),
  ('00000000-0000-0000-0000-000000000406', '00000000-0000-0000-0000-000000000005'),
  -- Engineering Workspace DMs
  ('00000000-0000-0000-0000-000000000407', '00000000-0000-0000-0000-000000000006'),
  ('00000000-0000-0000-0000-000000000407', '00000000-0000-0000-0000-000000000007'),
  ('00000000-0000-0000-0000-000000000408', '00000000-0000-0000-0000-000000000006'),
  ('00000000-0000-0000-0000-000000000408', '00000000-0000-0000-0000-000000000008'),
  ('00000000-0000-0000-0000-000000000409', '00000000-0000-0000-0000-000000000007'),
  ('00000000-0000-0000-0000-000000000409', '00000000-0000-0000-0000-000000000008'),
  ('00000000-0000-0000-0000-000000000410', '00000000-0000-0000-0000-000000000007'),
  ('00000000-0000-0000-0000-000000000410', '00000000-0000-0000-0000-000000000009'),
  ('00000000-0000-0000-0000-000000000411', '00000000-0000-0000-0000-000000000008'),
  ('00000000-0000-0000-0000-000000000411', '00000000-0000-0000-0000-000000000009'),
  ('00000000-0000-0000-0000-000000000412', '00000000-0000-0000-0000-000000000009'),
  ('00000000-0000-0000-0000-000000000412', '00000000-0000-0000-0000-000000000010');

-- Insert DM messages
insert into public.messages (id, content, user_id, dm_id, created_at)
values
  -- DM 1-2
  ('00000000-0000-0000-0000-000000000501', 'Hey, got a minute?', '00000000-0000-0000-0000-000000000001', '00000000-0000-0000-0000-000000000401', now() - interval '3 days'),
  ('00000000-0000-0000-0000-000000000502', 'Sure, what''s up?', '00000000-0000-0000-0000-000000000002', '00000000-0000-0000-0000-000000000401', now() - interval '3 days'),
  ('00000000-0000-0000-0000-000000000503', 'I need your opinion on this new design I''m working on.', '00000000-0000-0000-0000-000000000001', '00000000-0000-0000-0000-000000000401', now() - interval '3 days'),
  ('00000000-0000-0000-0000-000000000504', 'Of course! Send it over and I''ll take a look.', '00000000-0000-0000-0000-000000000002', '00000000-0000-0000-0000-000000000401', now() - interval '3 days');

-- Insert some reactions
insert into public.reactions (message_id, user_id, emoji)
values
  ('00000000-0000-0000-0000-000000000303', '00000000-0000-0000-0000-000000000001', '😂'),
  ('00000000-0000-0000-0000-000000000303', '00000000-0000-0000-0000-000000000002', '😂'),
  ('00000000-0000-0000-0000-000000000309', '00000000-0000-0000-0000-000000000010', '👍'),
  ('00000000-0000-0000-0000-000000000312', '00000000-0000-0000-0000-000000000010', '🍪'),
  ('00000000-0000-0000-0000-000000000312', '00000000-0000-0000-0000-000000000011', '🍪');
